{
    "name": "image-hover",
    "title": "Image Hover",
    "description": "This module allows users to see the character art while hovering over a token.",
    "version": "1.0.7",
    "minimumCoreVersion": "0.7.7",
    "compatibleCoreVersion": "0.7.9",
    "author": "Eriku#2108",
    "esmodules": ["image-hover.js"],
    "url": "https://github.com/Eriku33/Foundry-VTT-Image-Hover",
    "manifest": "https://raw.githubusercontent.com/Eriku33/Foundry-VTT-Image-Hover/main/module.json",
    "download": "https://github.com/Eriku33/Foundry-VTT-Image-Hover/raw/main/image-hover.zip"
}